country;USA;Canada;Mexico;Central America;Brazil;Argentina;Venezuela;Columbia;Ecuador;Peru;Bolivia;Paraguay;Uruguay;United Kingdom;Germany;France;Italy;Spain;Portugal;Benelux;Switzerland;Austria;Denmark;Sweden;Norway;Finland;Poland;Czech Republic;Slovakia;Hungary;Romania;Bulgaria;Greece;Balkans;Baltic countries;Ireland;Russia;Turkey;Arab countries;Iran;Pakistan;India;China;Indochina;Japan;South Korea;Central Asia;Indonesia;Australia;New Zaeland;Oceania;Arabian Africa;Central Africa;South Africa
totalReceiptsZ;1763418785000;540218522000;1777106453000;79233430000;778859423000;556427190000;268805879000;59605322000;12096902000;74368251000;34928956000;4962552000;7595298000;338432735000;853790041000;815229099000;563604073000;237146583000;42845183000;316027996000;125724294000;102252710000;668937034000;1318076042000;905134214000;56626669000;244859667000;32488539000;11909089000;8040926727000;28702364000;8627139000;36211524000;23530412000;19445915000;42717535000;10480548119000;528324699000;124999016000;103095480000;7402056933000;26122315806000;12086865411000;1869491297000;173350153877000;1778532353000;676544187000;272801299000;459923715000;56215051000;17219639000;149681735000;269283935000;183822713000
gdpZ;14991300000000;1788627696200;14582165338000;467132000000;4844577021100;3683252144000;1985387505000;333185000000;66381000000;465777584000;166685040000;22891000000;46711000000;1106279169600;2428776707900;1885936779900;1485830893600;1001411356600;160109205400;953306352900;615731069700;285879162400;1958306719950;3464725425150;2756080402320;177402153300;1799402500000;146288190300;64769202900;30733473840000;127890046400;36063084600;201496773900;143039318400;63028519200;148946725800;63135682085700;2273851452000;1400012000000;644586000000;20393196394440;95767126400000;50744237870400;7564709828800;515299937460000;7556545691200;2015208376000;1071588000000;1477126659600;194704746300;51144000000;607919000000;615890000000;614082000000
investmentsZ;2897925493327;383321704919;5674191945154;166223137234;1835656740427;1412907494788;728811044865;125622619061;24754386589;171452127728;55452932479;7889067867;17853741167;219076158767;538264171390;357910749773;280027117446;224769559712;36403205661;190351367930;117845338456;55788225530;385150188698;676290026880;549113299151;35769482156;460392488202;34590154390;16839629865;6598977285558;30836488578;8678210449;55435534309;47778117024;14163142661;30388213052;14154806670178;712439663872;363190534428;180332734939;4818079697675;24017791025842;12443796245579;1907645286880;115504993078603;1613349819349;490739085256;285826600786;294182530794;38160449390;10351816363;156593594311;164081388718;199645597550
netWagesZ;7173001900532;640643019780;2906780281627;101898430951;915749754728;691241668450;442993944492;59747307634;12165140282;95993506679;38091201209;4668746971;8535745948;438482472418;803507349249;634934829997;558887927367;384696441923;58304573901;364791055169;278647496341;107198663057;747834911574;1236060006857;1058012773538;68624785421;601701398242;54697708336;23070941178;12028389247293;46771328839;12963176279;67444426030;36378728782;22001946286;59004485514;26405444239882;558154897221;557390552703;217781195027;5941862256294;30626229878576;18161744364689;2570706265159;170511793094029;3056444739058;593793693071;330051650476;581184377693;79802629370;19274511378;199179529368;92610672290;103475656161
AverageSalaryq;46073053;44328579;84754780;3353437;14919149;39177312;46546538;4585526;2710007;10897191;12529312;2520654;8775000;14195108;22538814;19788147;17620021;16808770;11041357;27195913;74129572;26171692;268093011;276792670;464670147;26355995;29241859;10201971;7979177;2289125457;4062669;3442107;12532746;5159735;3940929;25384474;205280737;19078323;14174674;3960337;68118164;44247357;27426170;16880123;3067735780;137148293;9874524;2740325;54481022;38258354;647625;2414884;281334;1320265
cciZ;60;60;60;60;60;60;60;60;60;60;60;60;60;60;60;60;60;60;60;60;60;60;60;60;60;60;84;60;60;60;60;60;60;60;60;60;60;60;60;60;60;60;60;60;60;60;60;60;60;60;60;60;60;60
pensionNetCapitalZ;9053958000820;2567219021137;18187077895931;784151150539;6794185463728;4752691592035;2575166583663;556928244067;105491812238;632506891758;211752234499;38262960322;78078770678;2109071805572;3663470301277;2938167366486;2323194564997;1671408128766;268152371745;1446861536141;847326329311;434120394134;2443004183791;4313144972557;3408868898114;263834827203;1753860889293;249410154878;108030242673;37515138619549;236881489288;64672581551;334792041551;211083699784;140028934004;248442208339;78191656185980;3329754641798;2675659031656;1153101257102;25042671829487;118285076921492;66580105070419;10058459107271;629258241786547;10018013011969;2627193520301;2241434313784;2063573661981;289138061736;79124551044;1161835729169;1177069654408;1135163030504
corruption%;80;32;350;350;350;350;350;350;350;300;200;250;350;24;16;22;18;120;120;22;14;12;18;20;12;44;330;200;250;120;200;200;250;200;150;50;250;120;200;260;156;200;120;120;38;30;122;162;20;18;20;200;440;500
crimeRate%;48;16;285;165;210;34;200;200;200;103;89;115;200;12;8;11;9;8;12;11;7;6;9;10;6;22;11;17;15;13;20;20;15;19;50;12;102;33;30;30;78;34;10;60;4;26;61;81;10;9;10;59;220;300
imprisonedPopulationâ€°;25;11;64;39;47;7;48;47;47;27;25;28;45;5;4;5;3;2;3;5;3;2;4;5;2;11;2;5;4;4;5;5;4;5;16;4;31;8;6;7;21;8;3;16;2;11;15;21;4;4;7;13;36;44
policeEquipmentcapitalZ;1373481459009;257461067737;258850422180;15694328916;114936928869;32870152540;27888078604;9856784440;2404152492;13499763743;8329328738;1021514111;821961490;79125404348;195496557811;116184128585;89785637172;4671312315;3927133649;86421813534;52787450295;23334776375;177684391884;339851205637;190951722330;16540050540;35439541565;3634479314;1349141315;733384555444;3744083208;1177716749;7507033310;6644630365;3571631033;4945255814;3899722235771;46642432844;11228501932;52491711451;2768958393706;4167920351759;3101862103846;123542768426;62493732677960;730151173485;58664130385;30292169246;104347265475;18479035216;42855669943;15835242452;32233751487;19882574926
healthCondition%;813;835;232;231;228;227;238;232;223;231;231;227;226;827;923;795;686;621;502;823;853;784;896;893;888;853;351;531;431;499;425;437;462;287;496;700;395;249;262;250;250;255;298;260;823;772;241;243;741;728;430;245;218;214
naturalResourcesz;100000;100000;81000;81000;81000;81000;81000;81000;81000;81000;81000;81000;81000;100000;100000;98000;95000;92000;90000;100000;100000;100000;100000;100000;100000;100000;92000;95000;90000;92000;90000;90000;92000;90000;92000;95000;92000;85000;80000;80000;75000;80000;95000;85000;100000;100000;75000;75000;100000;100000;100000;77000;75000;75000
techBiomedicsz;100000;100000;81000;81000;81000;81000;81000;81000;81000;81000;81000;81000;81000;100000;100000;98000;95000;92000;90000;100000;100000;100000;100000;100000;100000;100000;92000;95000;90000;92000;90000;90000;92000;90000;92000;95000;92000;85000;80000;80000;75000;80000;95000;85000;100000;100000;75000;75000;100000;100000;100000;77000;75000;75000
techEngineeringz;100000;100000;81000;81000;81000;81000;81000;81000;81000;81000;81000;81000;81000;100000;100000;98000;95000;92000;90000;100000;100000;100000;100000;100000;100000;100000;92000;95000;90000;92000;90000;90000;92000;90000;92000;95000;92000;85000;80000;80000;75000;80000;95000;85000;100000;100000;75000;75000;100000;100000;100000;77000;75000;75000
techComputerz;100000;100000;81000;81000;81000;81000;81000;81000;81000;81000;81000;81000;81000;100000;100000;98000;95000;92000;90000;100000;100000;100000;100000;100000;100000;100000;92000;95000;90000;92000;90000;90000;92000;90000;92000;95000;92000;85000;80000;80000;75000;80000;95000;85000;100000;100000;75000;75000;100000;100000;100000;77000;75000;75000
techMathematicsEconomyz;100000;100000;81000;81000;81000;81000;81000;81000;81000;81000;81000;81000;81000;100000;100000;98000;95000;92000;90000;100000;100000;100000;100000;100000;100000;100000;92000;95000;90000;92000;90000;90000;92000;90000;92000;95000;92000;85000;80000;80000;75000;80000;95000;85000;100000;100000;75000;75000;100000;100000;100000;77000;75000;75000
techPhysicsz;100000;100000;81000;81000;81000;81000;81000;81000;81000;81000;81000;81000;81000;100000;100000;98000;95000;92000;90000;100000;100000;100000;100000;100000;100000;100000;92000;95000;90000;92000;90000;90000;92000;90000;92000;95000;92000;85000;80000;80000;75000;80000;95000;85000;100000;100000;75000;75000;100000;100000;100000;77000;75000;75000
techSocialSciencesz;100000;100000;81000;81000;81000;81000;81000;81000;81000;81000;81000;81000;81000;100000;100000;98000;95000;92000;90000;100000;100000;100000;100000;100000;100000;100000;92000;95000;90000;92000;90000;90000;92000;90000;92000;95000;92000;85000;80000;80000;75000;80000;95000;85000;100000;100000;75000;75000;100000;100000;100000;77000;75000;75000
techMilitaryz;100000;100000;81000;81000;81000;81000;81000;81000;81000;81000;81000;81000;81000;100000;100000;98000;95000;92000;90000;100000;100000;100000;100000;100000;100000;100000;92000;95000;90000;92000;90000;90000;92000;90000;92000;95000;92000;90000;80000;90000;85000;85000;96000;85000;100000;100000;75000;75000;100000;100000;100000;77000;75000;75000
techHumanitiesz;100000;100000;81000;81000;81000;81000;81000;81000;81000;81000;81000;81000;81000;100000;100000;98000;95000;92000;90000;100000;100000;100000;100000;100000;100000;100000;92000;95000;90000;92000;90000;90000;92000;90000;92000;95000;92000;85000;80000;80000;75000;80000;95000;85000;100000;100000;75000;75000;100000;100000;100000;77000;75000;75000
techForeignLanguagesz;100000;100000;81000;81000;81000;81000;81000;81000;81000;81000;81000;81000;81000;100000;100000;98000;95000;92000;90000;100000;100000;100000;100000;100000;100000;100000;92000;95000;90000;92000;90000;90000;92000;90000;92000;95000;92000;85000;80000;80000;75000;80000;95000;85000;100000;100000;75000;75000;100000;100000;100000;77000;75000;75000
techArtistryz;100000;100000;81000;81000;81000;81000;81000;81000;81000;81000;81000;81000;81000;100000;100000;98000;95000;92000;90000;100000;100000;100000;100000;100000;100000;100000;92000;95000;90000;92000;90000;90000;92000;90000;92000;95000;92000;85000;80000;80000;75000;80000;95000;85000;100000;100000;75000;75000;100000;100000;100000;77000;75000;75000
educatedPopulationz;99877009;13261226;11165398;2812300;13584038;3072802;886607;1440737;486747;956939;331120;205353;107566;18266496;15992173;15296666;7118949;9687245;1263161;7264469;1993774;1170493;1520947;2430491;1313237;1364161;7110924;1207780;679148;1573704;1673016;544721;1841618;1320825;2753219;1171265;30396511;9108589;1134870;787754;1287002;10008864;46277323;2405550;44269672;14702163;1897982;1922000;6303846;1328668;16095256;1191759;4688268;1114256
infrastructureRoadsz;6506204;1042300;366095;226852;1751868;311879;96155;141374;43671;137327;16138;29500;77732;394428;1044480;951200;487700;681298;82900;290422;71454;124508;86066;572900;93509;78141;423997;127797;43761;197519;82386;40231;116711;164843;212139;96036;1246293;532635;404553;172927;260760;4368010;4412642;465263;1210251;103029;391867;749631;823217;93911;144746;353824;1137645;764442
infrastructureRoadsTechz;95000;95000;76000;76000;76000;76000;76000;76000;76000;76000;76000;76000;76000;95000;97000;93000;90000;87000;85000;95000;95000;95000;95000;95000;95000;95000;87000;90000;85000;87000;85000;85000;87000;85000;87000;90000;87000;80000;75000;75000;70000;75000;80000;80000;95000;95000;70000;70000;95000;95000;95000;72000;70000;70000
infrastructureHighwaysz;75238;17000;6279;638;1;3121;1;1;1;1;1;1;1;3519;55600;11100;6700;15152;2613;4387;1790;1719;1111;1855;253;739;765;730;384;911;371;400;948;1116;413;1224;45000;3113;5275;1429;711;20000;85666;450;7803;3367;1;1821;1;172;1;1511;1;239
infrastructureHighwaysTechz;95000;95000;76000;76000;76000;76000;76000;76000;76000;76000;76000;76000;76000;95000;97000;93000;90000;87000;85000;95000;95000;95000;95000;95000;95000;95000;87000;90000;85000;87000;85000;85000;87000;85000;87000;90000;87000;80000;75000;75000;70000;75000;80000;80000;95000;95000;70000;70000;95000;95000;95000;72000;70000;70000
infrastructureRailz;226427;46552;26704;5076;29817;41795;336;1663;966;2021;2866;36;2993;16321;87679;29901;24179;15064;2842;6409;5063;5927;2667;12821;4114;5919;19627;9487;3658;7942;22298;4159;2552;10969;4851;1919;155802;12000;3444;11106;7791;65000;104896;8026;23474;3381;24918;8529;38445;4128;4156;15962;27411;42856
infrastructureRailTechz;95000;95000;76000;76000;76000;76000;76000;76000;76000;76000;76000;76000;76000;95000;99000;93000;90000;87000;85000;95000;95000;95000;95000;95000;95000;95000;87000;90000;85000;87000;85000;85000;87000;85000;87000;90000;87000;80000;75000;75000;70000;75000;90000;80000;95000;95000;70000;70000;95000;95000;95000;72000;70000;70000
infrastructureAirportsz;975;79;40;112;55;33;17;15;55;4;1;1;2;64;255;77;13;24;10;11;17;14;9;36;25;14;6;18;10;2;1;96;9;25;21;5;221;21;15;6;9;21;92;21;27;22;22;52;14;1;3;9;15;18
infrastructureAirportsTechz;95000;95000;76000;76000;76000;76000;76000;76000;76000;76000;76000;76000;76000;95000;97000;93000;90000;87000;85000;95000;95000;95000;95000;95000;95000;95000;87000;90000;85000;87000;85000;85000;87000;85000;87000;90000;87000;80000;75000;75000;70000;75000;85000;80000;95000;95000;70000;70000;95000;95000;95000;72000;70000;70000
infrastructureDocksz;192;76;10;10;92;10;5;0;0;0;0;0;0;100;155;96;20;63;5;536;0;0;5;5;5;5;2;0;0;0;2;2;2;2;2;2;70;5;92;5;2;50;580;532;187;217;0;10;110;10;10;10;10;86
infrastructureDocksTechz;95000;95000;76000;76000;76000;76000;76000;76000;76000;76000;76000;76000;76000;95000;95000;93000;90000;87000;85000;95000;95000;95000;95000;95000;95000;95000;87000;90000;85000;87000;85000;85000;87000;85000;87000;90000;87000;80000;75000;75000;70000;75000;80000;80000;95000;95000;70000;70000;95000;95000;95000;72000;70000;70000
infrastructureVehiclesz;250258;191084;85063;51813;79823;75200;45305;21882;19416;20957;20957;28046;61640;161805;595398;178139;212658;187385;165503;166582;173208;172900;169201;160880;178139;182146;156565;149477;107253;92768;72427;115575;138998;77402;152867;167044;73968;72118;95734;53935;5547;15410;36675;31700;181529;116807;23775;17259;224986;221287;19211;34723;9211;18915
infrastructureVehiclesTechz;95000;95000;76000;76000;76000;76000;76000;76000;76000;76000;76000;76000;76000;95000;97000;93000;90000;87000;85000;95000;95000;95000;95000;95000;95000;95000;87000;90000;85000;87000;85000;85000;87000;85000;87000;90000;87000;80000;75000;75000;70000;75000;77000;80000;95000;95000;70000;70000;95000;95000;95000;72000;70000;70000
militaryEquipmentCapitalZ;8153690425978;498964077863;2938787309586;25023241533;356537328410;143610003949;333882731769;85772508790;7576052564;116604046170;73046678816;8609856631;7599973120;1420399886393;3391664391688;2087117158075;1069757034714;214426931311;28118766942;1370807702059;1121637838584;545055073478;4040778621544;5537969941343;4558836159654;372493252481;647847254098;150223617213;14076290803;2508105587519;32746772003;10137871843;70301980147;38115442719;37216934734;66265163058;70521331914515;1215873119409;200092824311;177820441704;3124944233099;2076871206718;4111737004669;655457150611;225062756166046;8693229936179;394257660877;152317988310;1077945508089;71108621674;68476476152;39365278566;68210567071;41667201805
housingUnitsz;110952000;11562975;28159373;4724114;13997563;6591952;1798363;10570899;752578;6926622;308309;261768;968986;24500413;18245981;24354131;14355222;14187169;3649111;9227262;3040713;3339375;1065934;1797743;1961548;1001534;13330998;4216085;1857195;3862702;7320202;2921429;3664392;9227262;3339375;1469521;17397046;30140186;8717801;5876606;3849516;192671808;187528771;19011207;24096653;17183370;3127106;7477416;7596182;1454175;1596182;989372;3892097;918530
inflation%;14;16;41;14;49;250;298;14;14;15;72;14;14;24;18;18;18;18;18;18;7;18;28;14;24;18;26;18;18;49;18;18;18;18;18;18;67;87;14;14;134;93;50;50;-7;50;50;14;29;26;14;14;14;14
nationalDebtZ;15969482325000;1531798645302;6346012533444;100000000;3317033440576;1653043562227;100000000;109411290300;12355495530;92032992822;55156079736;2599959780;25077267460;999124969232;1990722540863;1702831177939;1886678352075;842006696856;196910306261;949493127488;302317797912;210741542146;981150832829;1317288606642;940319511663;94617438462;992658383150;63117502586;33895666953;24280366337815;47367915385;6670588758;319465075147;91044526161;22953095837;163841398380;6867268140461;827295373781;478678102920;69138294360;12659892389704;64012662628288;13193501846304;3347535393440;1225991305206080;2418094621184;248233367755;257223983520;401172829480;74287648903;21169013040;487277474450;601367313800;259646151240
debtInterestRate%;14;16;41;14;49;250;298;14;14;15;72;14;14;24;18;18;18;18;18;18;7;18;28;14;24;18;26;18;18;49;18;18;18;18;18;18;67;87;14;14;134;93;50;50;1;50;50;14;29;26;14;14;14;14
assetsPrivateZ;15996873975562;1458049798272;144902403056;4566233134;33042462585;34625045665;17474031402;1575052853;341716881;3762014373;1743491081;176005183;340383229;963806240999;1945900905780;1624351249240;773598293665;377789956861;40768876060;712133234305;593816538632;223268227987;1810607274137;3066356603434;2042800610544;164706338822;195153473710;30038452106;9831792100;7256873480330;18657963809;5349323754;30825583378;7505073052;11762371656;77717069079;9793308349668;107075810153;113947634387;30164422101;711972805107;4041717085562;5483109151474;580085265036;306378750609362;4574055918135;65548263406;37314251840;981563550281;138166726468;8895046837;20034845892;1294884678;501549087
assetsCorporateZ;27186394406744;2473252769379;5155111408093;179837224311;1471384489953;1573031281965;803064987311;77922369495;16616607647;145576915837;58333825013;6654384343;14787440809;1674736947548;2972768772141;2093740863879;1878242664869;1417411355785;231796778157;1409267562396;941943126172;380415227171;2843095268291;4570508163428;3491395564190;243551199430;899701250000;73144095150;32384601450;15366736920000;63945023200;18031542300;100748386950;71519659200;31514259600;74473362900;31567841042850;1136925726000;700006000000;322293000000;10196598197220;47883563200000;25372118935200;3782354914400;661705235943183;11565260115844;1599214377191;766480358634;2107125074102;277244235621;41467395437;433550707846;79467059260;56834453326
stockMarketValueZ;15750742318470;3020620188272;25174787354476;972152110012;9109288474596;6614859616104;3683258377634;696402030962;134605836697;860922793942;301107560975;47935030565;96768005452;2267606716173;4262988088517;3285430892209;2655563520517;1920910682390;313384514625;1673416834999;994298140473;498395659040;2992421113343;5250105860417;4104884624562;305217782484;2635296662483;291518994134;126649289824;49365446987690;273251069196;75196981930;394706046781;265871554601;146797716063;275314239767;106665173357907;4270150347869;3126486642622;1389918404357;35582452711646;173607672199712;94645493993777;14139168073490;792048465222993;12303244134373;3852902577254;2567085655153;2443139798496;338581652758;91926416361;1394790811008;1517846064555;1591782341364
familyValues;600;500;700;650;700;700;750;750;750;750;750;750;750;200;350;200;400;350;300;250;400;300;250;150;250;250;350;300;300;400;350;350;350;350;350;250;150;500;750;950;950;900;500;700;350;400;850;850;250;250;400;950;950;950
m0;1990000000000;268294154400;2700400989000;1990000000000;897143892800;682083730400;367664352800;1990000000000;1990000000000;86255108150;30867600000;1990000000000;1990000000000;165941875400;364316506200;293979803000;231398082000;157163007600;26797161620;152911961800;92359660460;45780218310;293746008000;519708813800;413412060300;29111433850;293380842400;23367201030;9184198237;5010892474000;20094482460;5584469611;31705614390;21872833470;7788500069;19317575840;10293861210000;401267903300;220073178700;94803001090;4078639279000;17956336200000;8012248085000;1215223454000;77294990620000;1179207896000;286148487100;148891350500;221568998900;29205711950;5997693753;81895153190;68322786200;87227344670
taxPITLowMargin%;0;40;0;160;0;90;60;0;0;0;0;0;0;0;0;0;230;0;0;250;0;210;370;0;0;60;0;0;0;160;0;0;0;133;190;0;125;92;1;0;80;0;50;47;50;60;50;50;0;110;150;100;57;55
taxPITMediumMargin%;150;120;100;219;140;232;200;165;0;150;65;0;125;225;225;250;330;260;270;380;65;355;450;285;240;60;160;75;95;180;80;50;225;183;215;205;125;177;1;175;215;145;175;177;275;220;105;180;225;220;225;210;216;200
taxPITHighMargin%;300;200;200;277;280;375;340;330;0;300;130;0;250;450;450;500;430;520;540;510;130;500;530;570;480;60;320;150;190;200;160;100;450;232;220;410;125;262;1;350;350;290;300;307;500;380;160;310;450;330;300;320;375;345
taxPayroll%;200;70;350;185;310;200;0;0;0;90;130;0;0;70;410;500;0;100;240;0;0;0;70;320;100;500;410;480;300;370;450;0;440;282;340;110;345;210;0;350;0;100;400;0;250;0;110;0;150;0;0;0;30;0
taxCIT%;40;250;280;321;340;270;240;330;300;300;250;300;300;230;300;330;314;300;125;290;250;250;215;220;280;260;190;210;230;190;160;100;250;133;170;125;177;167;200;250;350;375;205;207;400;200;157;275;300;280;300;247;297;307
taxRedundancy%;0;0;0;0;0;0;0;0;0;0;0;0;0;0;0;0;0;0;0;0;0;0;0;0;0;0;0;0;0;0;0;0;0;0;0;0;0;0;0;0;0;0;0;0;0;0;0;0;0;0;0;0;0;0
taxVAT%;10;70;160;132;120;200;120;160;120;160;100;100;220;200;190;190;210;210;230;210;80;200;250;250;250;240;210;210;200;270;240;200;230;200;207;230;193;187;0;50;160;128;110;85;50;100;160;110;100;150;150;160;143;140
taxSales%;0;100;0;0;0;0;0;0;0;0;0;0;0;0;0;0;0;0;0;0;0;0;0;0;0;0;0;0;0;0;0;0;0;0;0;0;0;0;0;0;0;0;0;0;0;0;0;0;0;0;0;0;0;0
taxTariff%;50;30;100;70;130;120;140;90;120;40;130;110;110;40;0;40;40;40;40;40;0;40;40;40;30;40;180;50;40;110;40;110;40;40;40;40;100;120;50;150;150;150;110;120;30;150;50;60;20;10;10;200;140;150
taxFromLandOwnership%;10;10;10;10;10;10;10;10;10;10;10;10;10;10;10;10;10;10;10;10;10;10;10;10;10;10;10;10;10;10;10;10;10;10;10;10;10;10;10;10;10;10;10;10;10;10;10;10;10;10;10;10;10;10
taxImprovementsToLands%;0;0;0;0;0;0;0;0;0;0;0;0;0;0;0;0;0;0;0;0;0;0;0;0;0;0;0;0;0;0;0;0;0;0;0;0;0;0;0;0;0;0;0;0;0;0;0;0;0;0;0;0;0;0
taxMovableProperty%;0;0;0;0;0;0;0;0;0;0;0;0;0;0;0;0;0;0;0;0;0;0;0;0;0;0;0;0;0;0;0;0;0;0;0;0;0;0;0;0;0;0;0;0;0;0;0;0;0;0;0;0;0;0
taxInheritance%;10;0;0;0;0;0;0;0;0;0;0;0;0;0;0;0;0;0;0;0;0;0;0;0;0;0;0;0;0;0;0;0;0;0;0;0;0;0;0;0;0;0;0;0;0;0;0;0;0;0;0;0;0;0
taxCapitalGains%;0;0;0;0;0;0;0;0;0;0;0;0;0;100;100;100;100;100;100;100;100;100;100;100;100;100;100;100;100;100;100;100;100;100;100;100;0;0;0;0;0;0;0;0;0;0;0;0;0;0;0;0;0;0
taxFinancialTransaction%;0;0;0;0;0;0;0;0;0;0;0;0;0;0;0;0;0;0;0;0;0;0;0;0;0;0;0;0;0;0;0;0;0;0;0;0;0;0;0;0;0;0;0;0;0;0;0;0;0;0;0;0;0;0
taxTolls%;10;10;50;0;0;0;0;0;0;0;0;0;0;100;100;100;100;100;100;100;100;100;100;100;100;100;100;100;100;100;100;100;100;100;100;100;50;0;0;0;0;0;0;0;0;0;0;0;0;0;0;0;0;0
taxCrimeFees%;100;50;50;50;50;50;50;50;50;50;50;50;50;150;150;150;150;150;150;150;150;150;150;150;150;150;250;150;150;150;150;150;150;150;150;150;50;50;50;50;50;50;50;50;50;50;50;50;50;50;50;50;50;50
taxPITLowMarginTresshold%;500;500;500;500;500;500;400;500;500;500;500;500;500;500;500;700;500;500;500;500;500;500;500;500;500;500;500;500;500;500;500;500;500;500;500;500;500;500;500;500;500;500;500;500;500;500;500;500;500;500;500;500;500;500
taxPITMediumLimitTreshold%;2500;2000;2000;2000;2000;2000;2000;2000;2000;2000;2000;2000;2000;2000;1000;5000;2000;2000;2000;2000;2000;2000;2000;2000;2000;2000;2000;2000;2000;2000;2000;2000;2000;2000;2000;2000;2000;2000;2000;2000;2000;2000;2000;2000;2000;2000;2000;2000;2000;2000;2000;2000;2000;2000
taxGovernmentEmployeeB;1;1;1;1;1;1;1;1;1;1;1;1;1;1;1;1;1;1;1;1;1;1;1;1;1;1;1;1;1;1;1;1;1;1;1;1;1;1;1;1;1;1;1;1;1;1;1;1;1;1;1;1;1;1
taxGovernmentBeneficiersB;1;1;1;1;1;1;1;1;1;1;1;1;1;1;1;1;1;1;1;1;1;1;1;1;1;1;1;1;1;1;1;1;1;1;1;1;1;1;1;1;1;1;1;1;1;1;1;1;1;1;1;1;1;1
govOfficialsProjected%;17;26;2;2;2;2;2;2;2;2;2;3;2;27;31;46;30;19;20;23;20;26;29;34;25;34;20;18;20;20;20;20;20;20;20;20;20;3;5;5;5;8;11;10;40;35;10;10;35;20;15;10;10;10
govOfficialsSalary%;1000;1000;800;800;500;450;600;600;600;800;800;800;800;1000;1000;1000;1000;900;900;1000;1000;1000;1000;1000;1000;1000;900;900;900;900;900;900;900;900;900;1000;600;800;500;400;400;400;500;400;1000;1000;400;400;1000;1000;1000;400;400;400
lawWorkingAgez;16;16;12;12;12;12;12;12;12;12;12;12;12;16;16;16;16;16;16;16;16;16;16;16;16;16;16;16;16;16;16;16;16;12;16;16;12;12;9;9;9;9;9;9;16;16;9;9;16;16;16;9;9;9
lawMinimumSalary%;500;500;0;0;0;0;0;0;0;0;0;0;0;500;500;500;500;500;500;500;500;500;500;500;500;500;250;250;250;250;250;250;250;250;250;500;0;0;0;0;0;0;0;0;500;500;0;0;500;500;0;0;0;0
socUnemploymentBenefits%;500;1000;250;0;250;250;0;250;250;250;250;250;250;500;350;500;250;500;500;500;500;600;500;500;500;500;250;250;250;250;250;250;500;250;250;500;250;250;0;0;0;0;250;250;660;500;300;250;600;500;500;0;0;0
socUnemploymentBenefitsDuration%;500;2000;500;0;500;500;0;500;500;500;500;500;500;1000;5000;1000;1000;1000;1000;1000;1000;2000;1000;1000;1000;1000;500;500;500;500;500;500;1000;500;500;1000;500;500;0;0;0;0;500;500;3000;2000;500;500;1500;1000;1000;0;0;0
UnemploymentBenefitsStrenght%;600;1200;350;0;350;350;0;350;350;350;350;350;350;700;1350;700;450;700;700;700;700;700;700;700;700;700;350;350;350;350;350;350;700;350;350;600;350;350;0;0;0;0;350;350;1260;900;350;350;700;700;700;0;0;0
lawRetirementAgez;65;65;65;62;65;65;60;60;65;65;65;60;60;65;67;65;65;65;65;65;65;65;65;65;65;65;65;62;65;62;62;63;65;65;62;65;60;60;60;65;55;58;60;57;65;60;62;55;65;65;65;60;60;62
socGovernmentPensionFunding%;50;750;200;200;50;150;100;200;200;200;200;250;200;500;750;750;650;400;600;750;200;750;750;750;700;500;500;500;300;300;500;500;300;200;500;600;200;150;200;200;250;200;200;300;750;200;250;250;500;600;600;200;200;200
policeOfficersProjected%;3;3;3;3;3;3;3;3;3;3;3;3;3;4;4;4;3;3;3;3;3;4;3;3;3;3;3;3;3;3;3;3;3;3;4;3;3;3;3;3;3;3;4;3;4;3;3;3;3;3;3;3;3;3
policeOfficersSalary%;1000;1000;1000;1000;1000;1000;1000;1000;1000;1000;1000;1000;1000;1000;1000;1000;1000;1000;1000;1000;1000;1000;1000;1000;1000;1000;1000;1000;1000;1000;1000;1000;1000;1000;1000;1000;1000;1000;1000;1000;1000;1000;1000;1000;1000;1000;1000;1000;1000;1000;1000;1000;1000;1000
courtSupplyingJudge%;1000;1000;1000;1000;1000;1000;1000;1000;1000;1000;1000;1000;1000;1000;1000;1100;1000;1000;1000;1000;1000;1000;1000;1000;1000;1000;1000;1000;1000;1000;1000;1000;1000;1000;1000;1000;1000;1000;1000;1000;1000;1000;1000;1000;1000;1000;1000;1000;1000;1000;1000;1000;1000;1000
courtJudgeSalary%;1000;1000;1000;1000;1000;1000;1000;1000;1000;1000;1000;1000;1000;1000;1000;1000;1000;1000;1000;1000;1000;1000;1000;1000;1000;1000;1000;1000;1000;1000;1000;1000;1000;1000;1000;1000;1000;1000;1000;1000;1000;1000;1000;1000;1000;1000;1000;1000;1000;1000;1000;1000;1000;1000
policeEquipmentFunding%;50;80;15;15;15;5;15;15;15;15;15;15;15;100;100;80;70;60;30;80;80;80;80;80;80;80;15;20;20;20;20;20;50;30;50;40;50;20;10;50;50;80;150;10;80;80;50;10;100;80;50;10;10;10
lawFreeSpeechB;1;1;1;1;1;1;0;1;1;1;1;1;1;1;1;1;1;1;1;1;1;1;1;1;1;1;1;1;1;1;1;1;1;1;1;1;0;1;0;0;0;1;0;1;1;1;1;1;1;1;1;0;0;0
lawFreePressB;1;1;1;0;1;1;0;0;0;0;0;1;1;1;1;1;1;1;1;1;1;1;1;1;1;1;1;1;1;1;1;1;1;1;1;1;1;1;0;0;0;1;0;1;1;1;1;1;1;1;1;0;0;0
lawFreeInternetB;1;1;1;1;1;1;1;1;1;1;1;1;1;1;1;1;1;1;1;1;1;1;1;1;1;1;1;1;1;1;1;1;1;1;1;1;1;1;1;1;1;1;1;1;1;1;1;1;1;1;1;1;1;1
lawFreeAccessToEducationB;1;1;1;1;1;1;1;1;1;1;1;1;1;1;1;1;1;1;1;1;1;1;1;1;1;1;1;1;1;1;1;1;1;1;1;1;1;1;1;1;1;1;1;1;1;1;1;1;1;1;1;1;1;1
lawNationalLibrarySystemB;1;1;1;1;1;1;1;1;1;1;1;1;1;1;1;1;1;1;1;1;1;1;1;1;1;1;1;1;1;1;1;1;1;1;1;1;1;1;0;0;0;0;1;1;1;1;0;1;1;1;1;0;0;0
lawRightToFairTrialB;1;1;1;1;1;1;0;1;1;1;1;1;1;1;1;1;1;1;1;1;1;1;1;1;1;1;1;1;1;1;1;1;1;1;1;1;1;0;0;0;0;1;0;1;1;1;1;1;1;1;1;0;1;1
lawFreeSupremeCourtB;1;1;1;1;1;1;0;1;1;1;1;1;1;1;1;1;1;1;1;1;1;1;1;1;1;1;1;1;1;1;1;1;1;1;1;1;0;0;0;0;0;1;0;1;1;1;1;1;1;1;1;0;0;0
lawFreeDistrictCourtsB;1;1;1;1;1;1;1;1;1;1;1;1;1;1;1;1;1;1;1;1;1;1;1;1;1;1;1;1;1;1;1;1;1;1;1;1;1;1;0;0;0;1;0;1;1;1;1;1;1;1;1;0;0;0
lawMigrationPolicyE;3;2;4;4;4;4;4;4;4;4;4;4;4;2;2;2;2;2;2;2;2;2;2;2;2;2;2;2;2;2;2;2;2;2;2;2;2;3;3;3;3;3;3;2;2;2;2;2;2;2;2;3;3;3
lawAssimilationE;2;2;1;1;1;1;1;1;1;1;1;1;1;1;1;1;1;1;1;1;1;1;1;1;1;1;1;1;1;1;1;1;1;1;1;1;1;1;1;1;1;1;1;1;1;1;1;1;1;1;1;1;1;1
lawReligiousToleranceB;1;1;1;1;1;1;0;1;1;1;1;1;1;1;1;1;1;1;1;1;1;1;1;1;1;1;1;1;1;1;1;1;1;1;1;1;1;0;0;0;0;0;0;1;1;1;1;1;1;1;1;0;0;0
lawTolerateIntolerantB;1;1;0;1;1;1;1;1;1;1;1;1;1;1;1;1;1;1;1;1;1;1;1;1;1;1;1;1;1;1;1;1;1;1;1;1;1;1;1;1;1;1;1;1;1;1;1;1;1;1;1;1;1;1
lawHeavyWeaponsForPoliceB;1;1;1;1;1;1;1;1;1;1;1;1;1;0;0;0;0;0;0;0;0;0;0;0;0;0;0;0;0;0;0;0;0;0;0;0;1;0;0;1;1;1;1;0;0;0;0;0;0;0;0;0;0;0
lawPersonalIdB;1;1;1;1;1;1;1;1;1;1;1;1;1;1;1;1;1;1;1;1;1;1;1;1;1;1;1;1;1;1;1;1;1;1;1;1;1;1;0;1;1;1;1;1;1;1;1;1;1;1;1;0;0;0
lawOpressedDocumentVerificationB;1;1;1;1;1;1;1;1;1;1;1;1;1;1;1;1;1;1;1;1;1;1;1;1;1;1;1;1;1;1;1;1;1;1;1;1;1;1;1;1;1;1;1;1;1;1;1;1;1;1;1;1;1;1
lawTaxInvestigationsB;1;1;1;1;1;1;1;1;1;1;1;1;1;1;1;1;1;1;1;1;1;1;1;1;1;1;1;1;1;1;1;1;1;1;1;1;1;1;1;1;1;1;1;1;1;1;1;1;1;1;1;1;1;1
healthFundingOfHealthcareNeeds%;50;700;50;50;50;50;0;50;50;50;50;50;50;500;900;1000;750;300;600;950;100;900;900;950;700;900;100;350;150;400;200;300;200;50;400;500;50;50;50;50;50;50;50;100;700;200;100;100;500;700;550;50;50;50
healthMedicalStuffSalary%;1000;1000;1000;1000;1000;1000;1000;1000;1000;1000;1000;1000;1000;1000;1000;1000;1000;1000;1000;1000;1000;1000;1000;1000;1000;1000;1000;1000;1000;1000;1000;1000;1000;1000;1000;1000;1000;1000;1000;1000;1000;1000;1000;1000;1000;1000;1000;1000;1000;1000;1000;1000;1000;1000
eduStartingEducationAgez;6;5;7;7;7;7;7;7;7;7;7;7;7;6;5;5;6;6;6;5;7;5;5;5;7;5;6;7;6;6;7;7;7;7;6;6;7;7;7;7;7;7;7;7;5;7;7;7;7;6;7;7;7;7
eduEndingEducationAgez;18;18;12;12;12;12;12;12;12;12;15;14;12;18;19;19;18;18;18;18;18;18;18;18;18;18;18;18;18;18;18;18;18;18;18;18;12;12;12;12;12;12;12;12;18;18;12;12;18;18;18;12;7;8
eduNumberOfEducationalDaysz;256;256;256;256;256;256;256;256;256;256;256;256;256;256;270;256;256;256;256;256;256;256;256;256;256;256;256;256;256;256;256;256;256;256;256;256;256;256;256;256;256;256;256;256;256;256;256;256;256;256;256;256;256;256
eduNumberOfChildInGroupsz;20;20;35;35;35;36;35;35;35;35;30;30;35;19;18;18;19;20;30;18;20;20;18;18;20;15;30;20;30;30;30;30;35;35;20;20;35;35;40;40;40;38;40;40;20;20;40;30;20;20;20;40;40;35
eduTeachersSalary%;1000;1000;1000;1000;1000;1000;1000;1000;1000;1000;1000;1000;1000;1000;1100;1000;1000;1000;1000;1000;1000;1000;1000;1000;1000;1000;1000;1000;1000;1000;1000;1000;1000;1000;1000;1000;1000;1000;1000;1000;1000;1000;1000;1000;1000;1000;1000;1000;1000;1000;1000;1000;1000;1000
eduPlannedStudents%;460;550;140;50;102;80;50;50;50;50;50;60;50;460;304;365;202;310;183;400;340;265;452;390;370;450;280;195;163;216;120;150;221;100;340;340;190;140;20;10;50;50;45;10;470;400;20;30;450;450;350;10;10;10
eduFundingResearch%;35;40;10;10;10;4;10;10;10;10;15;20;10;50;65;80;40;24;15;25;20;65;55;70;20;75;10;10;20;10;10;10;10;10;50;30;20;4;5;10;85;50;40;20;30;20;10;30;25;40;30;5;0;0
eduNaturalResourcesFunding%;120;120;120;120;120;120;120;120;120;120;120;120;120;120;100;120;120;120;120;120;120;120;120;120;120;120;120;120;120;120;120;120;120;120;120;120;120;120;120;120;120;120;110;120;120;120;120;120;120;120;120;120;120;120
eduBiomedicsFunding%;120;120;120;120;120;120;120;120;120;120;120;120;120;120;150;120;120;120;120;120;120;120;120;120;120;120;120;120;120;120;120;120;120;120;120;120;120;120;120;120;120;120;100;120;120;120;120;120;120;120;120;120;120;120
eduEngineeringFunding%;100;100;100;100;100;100;100;100;100;100;100;100;100;100;140;100;100;100;100;100;100;100;150;100;100;100;100;100;100;100;100;100;100;100;100;100;100;100;100;100;100;100;110;100;100;100;100;100;100;100;100;100;100;100
eduComputersFunding%;120;120;120;120;120;120;120;120;120;120;120;120;120;120;100;120;120;120;120;120;120;120;120;120;120;120;120;120;120;120;120;120;120;120;120;120;120;120;120;120;120;120;110;120;120;120;120;120;120;120;120;120;120;120
eduMathematicsEconomyFunding%;120;120;120;120;120;120;120;120;120;120;120;120;120;120;150;120;120;120;120;120;120;120;120;120;120;120;120;120;120;120;120;120;120;120;120;120;120;120;120;120;120;120;110;120;120;120;120;120;120;120;120;120;120;120
eduPhysicsFunding%;120;120;120;120;120;120;120;120;120;120;120;120;120;120;150;120;120;120;120;120;120;120;120;120;120;120;120;120;120;120;120;120;120;120;120;120;120;120;120;120;120;120;110;120;120;120;120;120;120;120;120;120;120;120
eduSocialSciencesFunding%;50;50;50;50;50;50;50;50;50;50;50;50;50;50;50;50;50;50;50;50;50;50;50;50;50;50;50;50;50;50;50;50;50;50;50;50;50;50;50;50;50;50;30;50;50;50;50;50;50;50;50;50;50;50
eduMilitaryFunding%;100;100;100;100;100;100;100;100;100;100;100;100;100;100;50;100;100;100;100;100;100;100;20;100;100;100;100;100;100;100;100;100;100;100;100;100;100;100;100;100;100;100;230;100;100;100;100;100;100;100;100;100;100;100
eduHumanitiesFunding%;50;50;50;50;50;50;50;50;50;50;50;50;50;50;30;50;50;50;50;50;50;50;80;50;50;50;50;50;50;50;50;50;50;50;50;50;50;50;50;50;50;50;30;50;50;50;50;50;50;50;50;50;50;50
eduForeignLanguagesFunding%;50;50;50;50;50;50;50;50;50;50;50;50;50;50;50;50;50;50;50;50;50;50;50;50;50;50;50;50;50;50;50;50;50;50;50;50;50;50;50;50;50;50;30;50;50;50;50;50;50;50;50;50;50;50
eduArtistryFunding%;50;50;50;50;50;50;50;50;50;50;50;50;50;50;30;50;50;50;50;50;50;50;50;50;50;50;50;50;50;50;50;50;50;50;50;50;50;50;50;50;50;50;30;50;50;50;50;50;50;50;50;50;50;50
eduResearchEquipmentFunding%;1000;1000;250;250;250;250;250;250;250;250;250;250;250;1000;1100;1000;950;900;550;1000;900;1000;1000;1000;1000;1200;350;500;600;500;250;250;500;250;350;900;150;150;150;100;100;600;500;200;1000;1000;250;250;900;1000;900;50;50;50
lawPatentRightsE;2;2;0;0;0;0;0;0;0;0;0;0;0;2;2;2;2;1;1;2;2;2;2;2;2;2;1;1;1;1;1;1;1;1;1;2;0;0;0;0;0;0;0;0;2;2;0;0;2;0;2;0;0;0
infrastructureRoadwaysFunding%;2;4;2;2;2;2;2;2;2;2;2;3;2;2;8;7;5;5;2;3;2;2;2;5;2;5;2;4;2;3;2;2;2;2;3;2;2;2;2;2;4;5;10;2;5;2;10;2;5;2;4;2;2;2
infrastructureHighwaysFunding%;1;1;1;1;1;0;0;1;1;1;1;1;1;1;8;5;3;2;2;2;1;1;1;5;1;2;1;2;1;2;1;1;1;1;2;1;1;1;1;1;2;5;10;1;5;1;5;1;2;1;2;1;1;1
infrastructureRailwaysFunding%;1;2;1;1;1;1;1;1;1;1;1;1;1;1;8;2;1;2;1;2;1;1;1;2;1;5;1;1;1;1;1;1;1;1;2;1;1;1;1;1;2;5;10;1;5;1;5;1;2;1;2;1;1;1
infrastructureAirportsFunding%;0;1;0;0;0;0;0;0;0;0;0;0;0;0;5;1;1;1;1;1;0;0;0;1;0;0;0;0;0;0;0;0;0;0;1;0;0;0;0;0;1;1;1;0;1;0;1;0;1;0;1;0;0;0
infrastructureNavyFunding%;0;1;0;0;0;0;0;0;0;0;0;0;0;0;5;1;1;1;1;2;0;0;0;1;0;1;0;0;0;0;0;0;0;0;1;0;0;0;0;0;1;1;4;0;1;0;0;0;1;0;1;0;0;0
infrastructureVehiclesFunding%;1;1;1;1;1;0;1;1;1;1;1;1;1;1;1;5;2;5;1;1;1;1;1;2;1;2;1;1;1;5;1;1;1;1;2;1;1;1;1;1;2;2;10;1;1;1;2;1;2;1;2;1;1;1
infrastructureUpkeepRatio%;1000;1000;1000;800;800;800;1000;1000;200;1000;1000;1000;1000;1000;1000;1000;1000;1000;1000;1000;1000;1000;1000;1000;1000;1000;1000;1000;1000;1000;1000;1000;1000;1000;1000;1000;1000;1000;1000;1000;1000;1000;1000;1000;1000;1000;1000;1000;1000;1000;1000;1000;1000;1000
Soldiers%;1;1;1;1;1;1;1;1;1;1;1;1;1;1;1;2;1;1;1;1;1;2;1;1;1;1;1;1;1;1;1;1;1;1;1;1;1;1;1;1;1;1;1;1;1;1;2;1;1;1;1;1;1;1
SoldiersSalary%;1000;1000;1000;1000;1000;1000;1000;1000;800;1000;1000;1000;1000;1000;1000;1000;1000;1000;1000;1000;1000;1000;1000;1000;1000;1000;1000;1000;1000;1000;1000;1000;1000;1000;1000;1000;1000;1000;1000;1000;1000;1000;1000;1000;1000;1000;1000;1000;1000;1000;1000;1000;1000;1000
NationalConscriptionStartingAgez;0;0;18;18;18;0;0;0;18;0;0;0;0;0;0;0;0;0;0;0;18;18;18;0;18;18;0;0;0;0;0;0;18;0;18;0;18;18;0;0;0;0;0;18;0;18;18;18;0;0;0;18;0;0
NationalConscroptionEndingAgez;0;0;18;18;18;0;0;0;18;0;0;0;0;0;0;0;0;0;0;0;18;18;18;0;18;18;0;0;0;0;0;0;18;0;18;0;18;18;0;0;0;0;0;18;0;18;18;18;0;0;0;18;0;0
militaryEquipmentFunding%;5;0;0;0;0;0;0;0;0;0;0;0;0;65;45;47;35;32;27;55;2;50;60;70;60;70;22;22;2;20;22;12;5;0;2;10;30;15;0;0;0;0;0;0;37;2;0;0;95;30;2;0;0;0
socFamilyAllowancesPerChild%;31;10;0;31;88;60;285;31;31;65;65;31;31;30;10;10;10;10;10;10;20;10;2;15;15;10;50;10;10;55;10;10;10;10;10;10;90;70;31;31;100;68;17;17;1;17;17;31;1;25;31;31;31;31
interestRates%;31;10;0;31;88;60;285;31;31;65;65;31;31;30;10;10;10;10;10;10;20;10;3;15;15;10;50;10;10;55;10;10;10;10;10;10;90;70;31;31;100;68;17;17;1;17;17;31;1;25;31;31;31;31
energyConventional%;300;210;720;590;90;650;300;150;360;400;600;0;380;780;620;170;780;500;480;680;20;300;730;0;40;380;940;580;260;490;540;530;870;750;770;900;630;730;990;800;660;820;800;520;730;640;630;770;900;230;460;940;350;290
energyClean%;100;640;240;410;880;270;700;850;640;600;400;1000;620;60;200;130;220;300;520;70;580;700;270;600;960;310;60;90;200;80;270;150;130;250;230;100;170;270;10;200;300;140;180;480;90;10;370;230;100;770;540;60;650;700
energyNuclear%;600;150;40;0;30;80;0;0;0;0;0;0;0;160;180;700;0;200;0;250;400;0;0;400;0;310;0;330;540;430;190;320;0;0;0;0;200;0;0;0;40;40;20;0;180;350;0;0;0;0;0;0;0;10
indCoal%;139;0;0;0;0;0;0;0;0;0;0;0;0;5;10;5;5;5;0;0;0;0;0;0;0;0;20;5;0;5;5;5;0;0;0;0;50;20;0;0;0;70;500;0;0;0;0;50;60;0;0;0;0;38
indCopper%;90;5;0;0;0;500;0;0;0;90;0;0;0;0;0;0;0;0;0;0;0;0;0;0;0;0;5;0;0;0;0;0;0;0;0;0;60;0;0;0;0;0;80;0;0;0;0;80;80;0;0;0;0;10
indIron%;30;10;5;0;120;5;5;0;0;5;0;0;0;0;0;0;0;0;0;0;0;5;0;10;5;0;5;0;0;0;0;0;5;5;0;0;50;5;0;10;0;80;450;0;0;0;10;0;160;0;0;0;0;20
indUranium%;50;50;0;0;0;50;0;0;0;0;0;25;0;50;50;0;0;50;0;0;0;0;0;50;0;25;0;25;25;25;25;0;0;25;50;0;50;25;0;0;0;50;50;0;0;0;50;0;50;50;0;0;50;50
indOtherMining%;50;20;5;0;50;5;5;5;5;5;5;5;5;5;5;5;0;0;0;0;0;0;0;5;5;0;5;5;0;5;0;0;0;5;0;0;120;10;10;10;10;100;150;10;10;10;50;10;100;10;80;20;20;60
indPetroleum%;100;40;35;1;30;1;30;10;1;1;1;1;1;20;0;0;0;0;0;0;0;0;5;0;25;0;0;0;0;0;0;0;0;0;0;0;145;20;300;50;5;10;50;1;1;0;30;10;10;1;0;20;35;10
indNaturalGas%;210;50;20;10;10;10;10;0;0;0;10;0;0;10;10;0;0;0;0;20;0;0;0;0;30;0;0;0;0;0;5;0;0;0;0;0;210;10;105;40;10;25;30;30;0;0;40;20;10;0;0;55;10;0
PopulationPyramidStart;;;;;;;;;;;;;;;;;;;;;;;;;;;;;;;;;;;;;;;;;;;;;;;;;;;;;;
1;3368;368;3315;2525;5932;1710;802;1303;433;852;294;185;97;680;891;710;663;508;116;293;83;89;61;98;50;56;419;111;59;109;239;77;118;684;115;50;2124;2943;2294;3141;5356;40852;41592;9879;1393;531;3811;8000;234;45;651;4820;18961;4474
2;3368;368;3315;2525;5932;1710;802;1303;433;852;294;185;97;680;891;710;663;508;116;293;83;89;61;98;50;56;419;111;59;109;239;77;118;684;115;50;2124;2943;2294;3141;5356;40852;41592;9879;1393;531;3811;8000;234;45;651;4820;18961;4474
3;3705;405;3315;2525;5932;1710;802;1303;433;852;294;185;97;748;980;781;729;559;128;323;91;98;67;108;55;62;461;122;64;120;263;85;129;684;127;55;2337;2943;2294;3141;5356;40852;41592;9879;1532;584;3811;8000;258;50;716;4820;18961;4474
4;3705;405;3315;2525;5932;1710;802;1303;433;852;294;185;97;748;980;781;729;559;128;323;91;98;67;108;55;62;461;122;64;120;263;85;129;684;127;55;2337;2943;2294;3141;5356;40852;41592;9879;1532;584;3811;8000;258;50;716;4820;18961;4474
5;4041;441;3232;2461;5783;1668;782;1271;422;831;287;181;94;817;1070;852;796;609;140;352;99;107;73;118;60;68;503;133;70;131;287;93;141;667;139;60;2549;2870;2237;3063;5223;39831;40553;9632;1672;637;3715;7800;281;55;781;4699;18487;4363
6;4041;441;3232;2461;5783;1668;782;1271;422;831;287;181;94;817;1070;852;796;609;140;352;99;107;73;118;60;68;503;133;70;131;287;93;141;667;139;60;2549;2870;2237;3063;5223;39831;40553;9632;1672;637;3715;7800;281;55;781;4699;18487;4363
7;4041;441;3149;2398;5635;1625;762;1238;411;809;280;176;92;817;1070;852;796;609;140;352;99;107;73;118;60;68;503;133;70;131;287;93;141;650;139;60;2549;2796;2180;2984;5089;38809;39513;9385;1672;637;3620;7600;281;55;781;4579;18013;4251
8;4378;478;3066;2335;5487;1582;742;1206;401;788;272;171;90;885;1159;923;862;660;152;382;107;116;79;127;65;73;545;144;76;142;311;100;153;633;150;65;2761;2723;2122;2905;4955;37788;38473;9138;1811;690;3525;7400;305;59;846;4458;17539;4139
9;4378;478;3066;2335;5487;1582;742;1206;401;788;272;171;90;885;1159;923;862;660;152;382;107;116;79;127;65;73;545;144;76;142;311;100;153;633;150;65;2761;2723;2122;2905;4955;37788;38473;9138;1811;690;3525;7400;305;59;846;4458;17539;4139
10;4378;478;2984;2272;5338;1539;722;1173;390;767;265;167;87;885;1159;923;862;660;152;382;107;116;79;127;65;73;545;144;76;142;311;100;153;615;150;65;2761;2649;2065;2827;4821;36767;37433;8891;1811;690;3430;7200;305;59;846;4338;17065;4027
11;4715;515;2901;2209;5190;1497;702;1140;379;745;258;162;85;953;1248;994;928;711;163;411;116;125;85;137;70;79;587;156;82;153;335;108;165;598;162;70;2974;2575;2008;2748;4687;35745;36393;8644;1950;743;3334;7000;328;64;911;4217;16591;3915
12;4715;515;2818;2146;5042;1454;682;1108;368;724;250;157;82;953;1248;994;928;711;163;411;116;125;85;137;70;79;587;156;82;153;335;108;165;581;162;70;2974;2502;1950;2670;4553;34724;35353;8397;1950;743;3239;6800;328;64;911;4097;16117;3803
13;5052;552;2735;2083;4894;1411;661;1075;357;703;243;153;80;1021;1337;1065;995;762;175;440;124;134;91;147;75;85;629;167;88;163;359;116;177;564;173;75;3186;2428;1893;2591;4419;33703;34314;8150;2090;796;3144;6600;352;68;977;3976;15643;3691
14;5052;552;2652;2020;4745;1368;641;1043;346;682;235;148;77;1021;1337;1065;995;762;175;440;124;134;91;147;75;85;629;167;88;163;359;116;177;547;173;75;3186;2355;1835;2513;4285;32682;33274;7903;2090;796;3048;6400;352;68;977;3856;15169;3579
15;5052;552;2569;1956;4597;1325;621;1010;336;660;228;144;75;1021;1337;1065;995;762;175;440;124;134;91;147;75;85;629;167;88;163;359;116;177;530;173;75;3186;2281;1778;2434;4151;31660;32234;7656;2090;796;2953;6200;352;68;977;3735;14695;3468
16;5389;589;2486;1893;4449;1283;601;977;325;639;221;139;73;1089;1426;1136;1061;813;187;470;132;143;97;157;80;90;671;178;94;174;382;124;188;513;185;80;3399;2207;1721;2356;4017;30639;31194;7409;2229;849;2858;6000;375;73;1042;3615;14221;3356
17;5389;589;2403;1830;4300;1240;581;945;314;618;213;134;70;1089;1426;1136;1061;813;187;470;132;143;97;157;80;90;671;178;94;174;382;124;188;496;185;80;3399;2134;1663;2277;3883;29618;30154;7162;2229;849;2763;5800;375;73;1042;3494;13747;3244
18;5726;626;2320;1767;4152;1197;561;912;303;596;206;130;68;1157;1516;1207;1127;863;198;499;141;152;104;167;85;96;713;189;100;185;406;131;200;479;196;85;3611;2060;1606;2199;3749;28596;29115;6915;2368;902;2667;5600;399;78;1107;3374;13273;3132
19;5726;626;2238;1704;4004;1154;541;880;292;575;199;125;65;1157;1516;1207;1127;863;198;499;141;152;104;167;85;96;713;189;100;185;406;131;200;461;196;85;3611;1987;1549;2120;3615;27575;28075;6668;2368;902;2572;5400;399;78;1107;3253;12799;3020
20;6062;662;2238;1704;4004;1154;541;880;292;575;199;125;65;1225;1605;1278;1194;914;210;529;149;161;110;177;90;102;755;200;106;196;430;139;212;461;208;90;3824;1987;1549;2120;3615;27575;28075;6668;2508;956;2572;5400;422;82;1172;3253;12799;3020
21;6399;699;2155;1641;3855;1112;521;847;281;554;191;120;63;1293;1694;1349;1260;965;222;558;157;170;116;186;95;107;797;211;112;207;454;147;224;444;220;95;4036;1913;1491;2042;3482;26554;27035;6421;2647;1009;2477;5200;446;87;1237;3133;12325;2908
22;6736;736;2072;1578;3707;1069;501;814;271;532;184;116;60;1361;1783;1420;1326;1016;233;587;166;179;122;196;100;113;839;222;118;218;478;155;236;427;231;100;4249;1839;1434;1963;3348;25532;25995;6174;2786;1062;2382;5000;469;91;1302;3012;11851;2796
23;6736;736;2072;1578;3707;1069;501;814;271;532;184;116;60;1361;1783;1420;1326;1016;233;587;166;179;122;196;100;113;839;222;118;218;478;155;236;427;231;100;4249;1839;1434;1963;3348;25532;25995;6174;2786;1062;2382;5000;469;91;1302;3012;11851;2796
24;7073;773;1989;1515;3559;1026;481;782;260;511;176;111;58;1429;1872;1491;1393;1067;245;617;174;188;128;206;105;119;881;234;123;229;502;162;247;410;243;105;4461;1766;1376;1884;3214;24511;24955;5927;2926;1115;2286;4800;493;96;1367;2892;11376;2684
25;7410;810;1989;1515;3559;1026;481;782;260;511;176;111;58;1497;1961;1562;1459;1118;257;646;182;197;134;216;110;125;923;245;129;240;526;170;259;410;254;110;4674;1766;1376;1884;3214;24511;24955;5927;3065;1168;2286;4800;516;100;1433;2892;11376;2684
26;7410;810;1906;1451;3410;983;461;749;249;490;169;106;55;1497;1961;1562;1459;1118;257;646;182;197;134;216;110;125;923;245;129;240;526;170;259;393;254;110;4674;1692;1319;1806;3080;23490;23915;5680;3065;1168;2191;4600;516;100;1433;2771;10902;2573
27;7747;847;1906;1451;3410;983;461;749;249;490;169;106;55;1566;2051;1633;1525;1168;268;676;191;206;140;226;115;130;965;256;135;251;550;178;271;393;266;115;4886;1692;1319;1806;3080;23490;23915;5680;3204;1221;2191;4600;540;105;1498;2771;10902;2573
28;7410;810;1823;1388;3262;941;441;717;238;468;162;102;53;1497;1961;1562;1459;1118;257;646;182;197;134;216;110;125;923;245;129;240;526;170;259;376;254;110;4674;1619;1262;1727;2946;22468;22876;5433;3065;1168;2096;4400;516;100;1433;2651;10428;2461
29;7410;810;1823;1388;3262;941;441;717;238;468;162;102;53;1497;1961;1562;1459;1118;257;646;182;197;134;216;110;125;923;245;129;240;526;170;259;376;254;110;4674;1619;1262;1727;2946;22468;22876;5433;3065;1168;2096;4400;516;100;1433;2651;10428;2461
30;7410;810;1823;1388;3262;941;441;717;238;468;162;102;53;1497;1961;1562;1459;1118;257;646;182;197;134;216;110;125;923;245;129;240;526;170;259;376;254;110;4674;1619;1262;1727;2946;22468;22876;5433;3065;1168;2096;4400;516;100;1433;2651;10428;2461
31;7073;773;1740;1325;3114;898;421;684;227;447;154;97;51;1429;1872;1491;1393;1067;245;617;174;188;128;206;105;119;881;234;123;229;502;162;247;359;243;105;4461;1545;1204;1649;2812;21447;21836;5186;2926;1115;2000;4200;493;96;1367;2530;9954;2349
32;7073;773;1740;1325;3114;898;421;684;227;447;154;97;51;1429;1872;1491;1393;1067;245;617;174;188;128;206;105;119;881;234;123;229;502;162;247;359;243;105;4461;1545;1204;1649;2812;21447;21836;5186;2926;1115;2000;4200;493;96;1367;2530;9954;2349
33;7073;773;1740;1325;3114;898;421;684;227;447;154;97;51;1429;1872;1491;1393;1067;245;617;174;188;128;206;105;119;881;234;123;229;502;162;247;359;243;105;4461;1545;1204;1649;2812;21447;21836;5186;2926;1115;2000;4200;493;96;1367;2530;9954;2349
34;6736;736;1657;1262;2966;855;401;651;216;426;147;92;48;1361;1783;1420;1326;1016;233;587;166;179;122;196;100;113;839;222;118;218;478;155;236;342;231;100;4249;1471;1147;1570;2678;20426;20796;4939;2786;1062;1905;4000;469;91;1302;2410;9480;2237
35;6736;736;1657;1262;2966;855;401;651;216;426;147;92;48;1361;1783;1420;1326;1016;233;587;166;179;122;196;100;113;839;222;118;218;478;155;236;342;231;100;4249;1471;1147;1570;2678;20426;20796;4939;2786;1062;1905;4000;469;91;1302;2410;9480;2237
36;6736;736;1657;1262;2966;855;401;651;216;426;147;92;48;1361;1783;1420;1326;1016;233;587;166;179;122;196;100;113;839;222;118;218;478;155;236;342;231;100;4249;1471;1147;1570;2678;20426;20796;4939;2786;1062;1905;4000;469;91;1302;2410;9480;2237
37;6736;736;1657;1262;2966;855;401;651;216;426;147;92;48;1361;1783;1420;1326;1016;233;587;166;179;122;196;100;113;839;222;118;218;478;155;236;342;231;100;4249;1471;1147;1570;2678;20426;20796;4939;2786;1062;1905;4000;469;91;1302;2410;9480;2237
38;6399;699;1574;1199;2817;812;381;619;205;404;140;88;46;1293;1694;1349;1260;965;222;558;157;170;116;186;95;107;797;211;112;207;454;147;224;325;220;95;4036;1398;1090;1492;2544;19404;19756;4692;2647;1009;1810;3800;446;87;1237;2289;9006;2125
39;6062;662;1492;1136;2669;769;361;586;195;383;132;83;43;1225;1605;1278;1194;914;210;529;149;161;110;177;90;102;755;200;106;196;430;139;212;307;208;90;3824;1324;1032;1413;2410;18383;18716;4445;2508;956;1715;3600;422;82;1172;2169;8532;2013
40;6062;662;1492;1136;2669;769;361;586;195;383;132;83;43;1225;1605;1278;1194;914;210;529;149;161;110;177;90;102;755;200;106;196;430;139;212;307;208;90;3824;1324;1032;1413;2410;18383;18716;4445;2508;956;1715;3600;422;82;1172;2169;8532;2013
41;6062;662;1492;1136;2669;769;361;586;195;383;132;83;43;1225;1605;1278;1194;914;210;529;149;161;110;177;90;102;755;200;106;196;430;139;212;307;208;90;3824;1324;1032;1413;2410;18383;18716;4445;2508;956;1715;3600;422;82;1172;2169;8532;2013
42;6062;662;1492;1136;2669;769;361;586;195;383;132;83;43;1225;1605;1278;1194;914;210;529;149;161;110;177;90;102;755;200;106;196;430;139;212;307;208;90;3824;1324;1032;1413;2410;18383;18716;4445;2508;956;1715;3600;422;82;1172;2169;8532;2013
43;5726;626;1409;1073;2521;727;341;554;184;362;125;78;41;1157;1516;1207;1127;863;198;499;141;152;104;167;85;96;713;189;100;185;406;131;200;290;196;85;3611;1251;975;1335;2276;17362;17676;4198;2368;902;1619;3400;399;78;1107;2048;8058;1901
44;5726;626;1409;1073;2521;727;341;554;184;362;125;78;41;1157;1516;1207;1127;863;198;499;141;152;104;167;85;96;713;189;100;185;406;131;200;290;196;85;3611;1251;975;1335;2276;17362;17676;4198;2368;902;1619;3400;399;78;1107;2048;8058;1901
45;5389;589;1326;1010;2372;684;320;521;173;341;117;74;38;1089;1426;1136;1061;813;187;470;132;143;97;157;80;90;671;178;94;174;382;124;188;273;185;80;3399;1177;917;1256;2142;16341;16637;3951;2229;849;1524;3200;375;73;1042;1928;7584;1789
46;5052;552;1243;946;2224;641;300;488;162;319;110;69;36;1021;1337;1065;995;762;175;440;124;134;91;147;75;85;629;167;88;163;359;116;177;256;173;75;3186;1103;860;1178;2008;15319;15597;3704;2090;796;1429;3000;352;68;977;1807;7110;1678
47;4715;515;1160;883;2076;598;280;456;151;298;103;65;34;953;1248;994;928;711;163;411;116;125;85;137;70;79;587;156;82;153;335;108;165;239;162;70;2974;1030;803;1099;1874;14298;14557;3457;1950;743;1333;2800;328;64;911;1687;6636;1566
48;4378;478;1077;820;1927;556;260;423;140;277;95;60;31;885;1159;923;862;660;152;382;107;116;79;127;65;73;545;144;76;142;311;100;153;222;150;65;2761;956;745;1021;1741;13277;13517;3210;1811;690;1238;2600;305;59;846;1566;6162;1454
49;4041;441;994;757;1779;513;240;391;130;255;88;55;29;817;1070;852;796;609;140;352;99;107;73;118;60;68;503;133;70;131;287;93;141;205;139;60;2549;883;688;942;1607;12255;12477;2963;1672;637;1143;2400;281;55;781;1446;5688;1342
50;3705;405;911;694;1631;470;220;358;119;234;81;51;26;748;980;781;729;559;128;323;91;98;67;108;55;62;461;122;64;120;263;85;129;188;127;55;2337;809;631;863;1473;11234;11438;2716;1532;584;1048;2200;258;50;716;1325;5214;1230
51;3368;368;828;631;1483;427;200;325;108;213;73;46;24;680;891;710;663;508;116;293;83;89;61;98;50;56;419;111;59;109;239;77;118;171;115;50;2124;735;573;785;1339;10213;10398;2469;1393;531;952;2000;234;45;651;1205;4740;1118
52;3031;331;746;568;1334;384;180;293;97;191;66;41;21;612;802;639;597;457;105;264;74;80;55;88;45;51;377;100;53;98;215;69;106;153;104;45;1912;662;516;706;1205;9191;9358;2222;1254;478;857;1800;211;41;586;1084;4266;1006
53;2694;294;663;505;1186;342;160;260;86;170;58;37;19;544;713;568;530;406;93;235;66;71;48;78;40;45;335;89;47;87;191;62;94;136;92;40;1699;588;458;628;1071;8170;8318;1975;1114;424;762;1600;187;36;521;964;3792;894
54;2357;257;580;441;1038;299;140;228;75;149;51;32;17;476;624;497;464;355;81;205;58;62;42;68;35;39;293;78;41;76;167;54;82;119;81;35;1487;515;401;549;937;7149;7278;1728;975;371;666;1400;164;32;455;843;3318;783
55;2357;257;580;441;1038;299;140;228;75;149;51;32;17;476;624;497;464;355;81;205;58;62;42;68;35;39;293;78;41;76;167;54;82;119;81;35;1487;515;401;549;937;7149;7278;1728;975;371;666;1400;164;32;455;843;3318;783
56;2020;220;497;378;889;256;120;195;65;127;44;27;14;408;535;426;398;304;70;176;49;53;36;59;30;34;251;66;35;65;143;46;70;102;69;30;1274;441;344;471;803;6127;6238;1481;836;318;571;1200;140;27;390;723;2844;671
57;2020;220;497;378;889;256;120;195;65;127;44;27;14;408;535;426;398;304;70;176;49;53;36;59;30;34;251;66;35;65;143;46;70;102;69;30;1274;441;344;471;803;6127;6238;1481;836;318;571;1200;140;27;390;723;2844;671
58;1684;184;414;315;741;213;100;162;54;106;36;23;12;340;445;355;331;254;58;146;41;44;30;49;25;28;209;55;29;54;119;38;59;85;57;25;1062;367;286;392;669;5106;5199;1234;696;265;476;1000;117;22;325;602;2370;559
59;1347;147;331;252;593;171;80;130;43;85;29;18;9;272;356;284;265;203;46;117;33;35;24;39;20;22;167;44;23;43;95;31;47;68;46;20;849;294;229;314;535;4085;4159;987;557;212;381;800;93;18;260;482;1896;447
60;1347;147;331;252;593;171;80;130;43;85;29;18;9;272;356;284;265;203;46;117;33;35;24;39;20;22;167;44;23;43;95;31;47;68;46;20;849;294;229;314;535;4085;4159;987;557;212;381;800;93;18;260;482;1896;447
61;1010;110;248;189;444;128;60;97;32;63;22;13;7;204;267;213;199;152;35;88;24;26;18;29;15;17;125;33;17;32;71;23;35;51;34;15;637;220;172;235;401;3063;3119;740;418;159;285;600;70;13;195;361;1422;335
62;1010;110;248;189;444;128;60;97;32;63;22;13;7;204;267;213;199;152;35;88;24;26;18;29;15;17;125;33;17;32;71;23;35;51;34;15;637;220;172;235;401;3063;3119;740;418;159;285;600;70;13;195;361;1422;335
63;673;73;165;126;296;85;40;65;21;42;14;9;4;136;178;142;132;101;23;58;16;17;12;19;10;11;83;22;11;21;47;15;23;34;23;10;424;147;114;157;267;2042;2079;493;278;106;190;400;46;9;130;241;948;223
64;673;73;165;126;296;85;40;65;21;42;14;9;4;136;178;142;132;101;23;58;16;17;12;19;10;11;83;22;11;21;47;15;23;34;23;10;424;147;114;157;267;2042;2079;493;278;106;190;400;46;9;130;241;948;223
65;336;36;82;63;148;42;20;32;10;21;7;4;2;68;89;71;66;50;11;29;8;8;6;9;5;5;41;11;5;10;23;7;11;17;11;5;212;73;57;78;133;1021;1039;246;139;53;95;200;23;4;65;120;474;111
66;336;36;82;63;148;42;20;32;10;21;7;4;2;68;89;71;66;50;11;29;8;8;6;9;5;5;41;11;5;10;23;7;11;17;11;5;212;73;57;78;133;1021;1039;246;139;53;95;200;23;4;65;120;474;111
67;168;18;41;31;74;21;10;16;5;10;3;2;1;34;44;35;33;25;5;14;4;4;3;4;2;2;20;5;2;5;11;3;5;8;5;2;106;36;28;39;66;510;519;123;69;26;47;100;11;2;32;60;237;55
68;168;18;41;31;74;21;10;16;5;10;3;2;1;34;44;35;33;25;5;14;4;4;3;4;2;2;20;5;2;5;11;3;5;8;5;2;106;36;28;39;66;510;519;123;69;26;47;100;11;2;32;60;237;55
69;0;0;0;0;0;0;0;0;0;0;0;0;0;0;0;0;0;0;0;0;0;0;0;0;0;0;0;0;0;0;0;0;0;0;0;0;0;0;0;0;0;0;0;0;0;0;0;0;0;0;0;0;0;0
70;0;0;0;0;0;0;0;0;0;0;0;0;0;0;0;0;0;0;0;0;0;0;0;0;0;0;0;0;0;0;0;0;0;0;0;0;0;0;0;0;0;0;0;0;0;0;0;0;0;0;0;0;0;0
71;0;0;0;0;0;0;0;0;0;0;0;0;0;0;0;0;0;0;0;0;0;0;0;0;0;0;0;0;0;0;0;0;0;0;0;0;0;0;0;0;0;0;0;0;0;0;0;0;0;0;0;0;0;0
72;0;0;0;0;0;0;0;0;0;0;0;0;0;0;0;0;0;0;0;0;0;0;0;0;0;0;0;0;0;0;0;0;0;0;0;0;0;0;0;0;0;0;0;0;0;0;0;0;0;0;0;0;0;0
73;0;0;0;0;0;0;0;0;0;0;0;0;0;0;0;0;0;0;0;0;0;0;0;0;0;0;0;0;0;0;0;0;0;0;0;0;0;0;0;0;0;0;0;0;0;0;0;0;0;0;0;0;0;0
74;0;0;0;0;0;0;0;0;0;0;0;0;0;0;0;0;0;0;0;0;0;0;0;0;0;0;0;0;0;0;0;0;0;0;0;0;0;0;0;0;0;0;0;0;0;0;0;0;0;0;0;0;0;0
75;0;0;0;0;0;0;0;0;0;0;0;0;0;0;0;0;0;0;0;0;0;0;0;0;0;0;0;0;0;0;0;0;0;0;0;0;0;0;0;0;0;0;0;0;0;0;0;0;0;0;0;0;0;0
76;0;0;0;0;0;0;0;0;0;0;0;0;0;0;0;0;0;0;0;0;0;0;0;0;0;0;0;0;0;0;0;0;0;0;0;0;0;0;0;0;0;0;0;0;0;0;0;0;0;0;0;0;0;0
PopulationPyramidEnd;;;;;;;;;;;;;;;;;;;;;;;;;;;;;;;;;;;;;;;;;;;;;;;;;;;;;;
PricesStart;;;;;;;;;;;;;;;;;;;;;;;;;;;;;;;;;;;;;;;;;;;;;;;;;;;;;;
Animals;6,70994966676208;;;;;;;;;;;;;;;;;;;;;;;;;;;;;;;;;;;;;;;;;;;;;;;;;;;;;
Meat;12,3038410913952;;;;;;;;;;;;;;;;;;;;;;;;;;;;;;;;;;;;;;;;;;;;;;;;;;;;;
Dairy products;14,6398843510285;;;;;;;;;;;;;;;;;;;;;;;;;;;;;;;;;;;;;;;;;;;;;;;;;;;;;
Labor-Other;5,12206280325589;;;;;;;;;;;;;;;;;;;;;;;;;;;;;;;;;;;;;;;;;;;;;;;;;;;;;
Cereals;1,32383229440783;;;;;;;;;;;;;;;;;;;;;;;;;;;;;;;;;;;;;;;;;;;;;;;;;;;;;
Vegetables;1,00445864953217;;;;;;;;;;;;;;;;;;;;;;;;;;;;;;;;;;;;;;;;;;;;;;;;;;;;;
Fruits;1,00845456717622;;;;;;;;;;;;;;;;;;;;;;;;;;;;;;;;;;;;;;;;;;;;;;;;;;;;;
Fiber;1,03457119539906;;;;;;;;;;;;;;;;;;;;;;;;;;;;;;;;;;;;;;;;;;;;;;;;;;;;;
Other Crops;1,05808953872106;;;;;;;;;;;;;;;;;;;;;;;;;;;;;;;;;;;;;;;;;;;;;;;;;;;;;
Fish;0,709488614533576;;;;;;;;;;;;;;;;;;;;;;;;;;;;;;;;;;;;;;;;;;;;;;;;;;;;;
Aquaponics;1,61968433536029;;;;;;;;;;;;;;;;;;;;;;;;;;;;;;;;;;;;;;;;;;;;;;;;;;;;;
Agroforestry;1,44932791128705;;;;;;;;;;;;;;;;;;;;;;;;;;;;;;;;;;;;;;;;;;;;;;;;;;;;;
Wood;65,1451038329236;;;;;;;;;;;;;;;;;;;;;;;;;;;;;;;;;;;;;;;;;;;;;;;;;;;;;
Coal;2,1280879220977;;;;;;;;;;;;;;;;;;;;;;;;;;;;;;;;;;;;;;;;;;;;;;;;;;;;;
Copper;2,24194040817053;;;;;;;;;;;;;;;;;;;;;;;;;;;;;;;;;;;;;;;;;;;;;;;;;;;;;
Iron;3,04497533428182;;;;;;;;;;;;;;;;;;;;;;;;;;;;;;;;;;;;;;;;;;;;;;;;;;;;;
Uranium;4,17776318183455;;;;;;;;;;;;;;;;;;;;;;;;;;;;;;;;;;;;;;;;;;;;;;;;;;;;;
Other mining;3,53901536213072;;;;;;;;;;;;;;;;;;;;;;;;;;;;;;;;;;;;;;;;;;;;;;;;;;;;;
Petroleum;1,39289883866378;;;;;;;;;;;;;;;;;;;;;;;;;;;;;;;;;;;;;;;;;;;;;;;;;;;;;
Natural Gas;1,15171840647232;;;;;;;;;;;;;;;;;;;;;;;;;;;;;;;;;;;;;;;;;;;;;;;;;;;;;
Water;1,81811632447516;;;;;;;;;;;;;;;;;;;;;;;;;;;;;;;;;;;;;;;;;;;;;;;;;;;;;
Bottled Water;0,48677744470557;;;;;;;;;;;;;;;;;;;;;;;;;;;;;;;;;;;;;;;;;;;;;;;;;;;;;
Constructions;38,5079772418648;;;;;;;;;;;;;;;;;;;;;;;;;;;;;;;;;;;;;;;;;;;;;;;;;;;;;
Civil Engineering;40,2579573995184;;;;;;;;;;;;;;;;;;;;;;;;;;;;;;;;;;;;;;;;;;;;;;;;;;;;;
Timber;23,6464727839905;;;;;;;;;;;;;;;;;;;;;;;;;;;;;;;;;;;;;;;;;;;;;;;;;;;;;
Petroleum Products;5,08456267510497;;;;;;;;;;;;;;;;;;;;;;;;;;;;;;;;;;;;;;;;;;;;;;;;;;;;;
Chemicals;7,14126338936734;;;;;;;;;;;;;;;;;;;;;;;;;;;;;;;;;;;;;;;;;;;;;;;;;;;;;
Plastics;3,209147985861;;;;;;;;;;;;;;;;;;;;;;;;;;;;;;;;;;;;;;;;;;;;;;;;;;;;;
Chemical products;5,05376328042434;;;;;;;;;;;;;;;;;;;;;;;;;;;;;;;;;;;;;;;;;;;;;;;;;;;;;
Metallurgy;8,41578898665824;;;;;;;;;;;;;;;;;;;;;;;;;;;;;;;;;;;;;;;;;;;;;;;;;;;;;
Machinnery;15,9176927784028;;;;;;;;;;;;;;;;;;;;;;;;;;;;;;;;;;;;;;;;;;;;;;;;;;;;;
Vehicles;20,6169959879103;;;;;;;;;;;;;;;;;;;;;;;;;;;;;;;;;;;;;;;;;;;;;;;;;;;;;
Rail;45,1176916609556;;;;;;;;;;;;;;;;;;;;;;;;;;;;;;;;;;;;;;;;;;;;;;;;;;;;;
Waste management;0,976286118151694;;;;;;;;;;;;;;;;;;;;;;;;;;;;;;;;;;;;;;;;;;;;;;;;;;;;;
Fertilizers;2,8551406880738;;;;;;;;;;;;;;;;;;;;;;;;;;;;;;;;;;;;;;;;;;;;;;;;;;;;;
Glass;3,35353522859475;;;;;;;;;;;;;;;;;;;;;;;;;;;;;;;;;;;;;;;;;;;;;;;;;;;;;
Building Materials;8,70357984984088;;;;;;;;;;;;;;;;;;;;;;;;;;;;;;;;;;;;;;;;;;;;;;;;;;;;;
Arms industry;37,8249679224651;;;;;;;;;;;;;;;;;;;;;;;;;;;;;;;;;;;;;;;;;;;;;;;;;;;;;
Naval vehicles;37,1513312879872;;;;;;;;;;;;;;;;;;;;;;;;;;;;;;;;;;;;;;;;;;;;;;;;;;;;;
Aeroplanes;115,398995030329;;;;;;;;;;;;;;;;;;;;;;;;;;;;;;;;;;;;;;;;;;;;;;;;;;;;;
Textiles;1,84857556507159;;;;;;;;;;;;;;;;;;;;;;;;;;;;;;;;;;;;;;;;;;;;;;;;;;;;;
Wearing apparel;12,020909800853;;;;;;;;;;;;;;;;;;;;;;;;;;;;;;;;;;;;;;;;;;;;;;;;;;;;;
Leather;11,7059563076017;;;;;;;;;;;;;;;;;;;;;;;;;;;;;;;;;;;;;;;;;;;;;;;;;;;;;
Paper;0,350866264069691;;;;;;;;;;;;;;;;;;;;;;;;;;;;;;;;;;;;;;;;;;;;;;;;;;;;;
Medical Equipment;25,0097214241365;;;;;;;;;;;;;;;;;;;;;;;;;;;;;;;;;;;;;;;;;;;;;;;;;;;;;
Drugs;12,4182647934996;;;;;;;;;;;;;;;;;;;;;;;;;;;;;;;;;;;;;;;;;;;;;;;;;;;;;
Electrical Equipment;11,2597452278281;;;;;;;;;;;;;;;;;;;;;;;;;;;;;;;;;;;;;;;;;;;;;;;;;;;;;
Electronic products;15,3504345019709;;;;;;;;;;;;;;;;;;;;;;;;;;;;;;;;;;;;;;;;;;;;;;;;;;;;;
Computers;79,5798414318521;;;;;;;;;;;;;;;;;;;;;;;;;;;;;;;;;;;;;;;;;;;;;;;;;;;;;
Hi-Tech Devices;125,893854024109;;;;;;;;;;;;;;;;;;;;;;;;;;;;;;;;;;;;;;;;;;;;;;;;;;;;;
Furniture;10,4098803188103;;;;;;;;;;;;;;;;;;;;;;;;;;;;;;;;;;;;;;;;;;;;;;;;;;;;;
Domestic Appliances;15,787149713802;;;;;;;;;;;;;;;;;;;;;;;;;;;;;;;;;;;;;;;;;;;;;;;;;;;;;
Packaging;3,72852178707622;;;;;;;;;;;;;;;;;;;;;;;;;;;;;;;;;;;;;;;;;;;;;;;;;;;;;
Toys;10,7451439276208;;;;;;;;;;;;;;;;;;;;;;;;;;;;;;;;;;;;;;;;;;;;;;;;;;;;;
Tobacco products;8,40992191187275;;;;;;;;;;;;;;;;;;;;;;;;;;;;;;;;;;;;;;;;;;;;;;;;;;;;;
Food;8,34778981021971;;;;;;;;;;;;;;;;;;;;;;;;;;;;;;;;;;;;;;;;;;;;;;;;;;;;;
Beverages;8,54802504084584;;;;;;;;;;;;;;;;;;;;;;;;;;;;;;;;;;;;;;;;;;;;;;;;;;;;;
Confectionery;14,9743827444054;;;;;;;;;;;;;;;;;;;;;;;;;;;;;;;;;;;;;;;;;;;;;;;;;;;;;
Water Supply;0,344831260389707;;;;;;;;;;;;;;;;;;;;;;;;;;;;;;;;;;;;;;;;;;;;;;;;;;;;;
Conventional;1,80734105921192;;;;;;;;;;;;;;;;;;;;;;;;;;;;;;;;;;;;;;;;;;;;;;;;;;;;;
Clean;3,43535547204788;;;;;;;;;;;;;;;;;;;;;;;;;;;;;;;;;;;;;;;;;;;;;;;;;;;;;
Nuclear;0,602955149183332;;;;;;;;;;;;;;;;;;;;;;;;;;;;;;;;;;;;;;;;;;;;;;;;;;;;;
Administration;23,4512902801805;;;;;;;;;;;;;;;;;;;;;;;;;;;;;;;;;;;;;;;;;;;;;;;;;;;;;
Elictricity;2,0186489794537;;;;;;;;;;;;;;;;;;;;;;;;;;;;;;;;;;;;;;;;;;;;;;;;;;;;;
Healthcare;56,5687677683185;;;;;;;;;;;;;;;;;;;;;;;;;;;;;;;;;;;;;;;;;;;;;;;;;;;;;
Tourism;62,1593180088042;;;;;;;;;;;;;;;;;;;;;;;;;;;;;;;;;;;;;;;;;;;;;;;;;;;;;
Culture;42,0281223894385;;;;;;;;;;;;;;;;;;;;;;;;;;;;;;;;;;;;;;;;;;;;;;;;;;;;;
Entertainment;44,8978649388686;;;;;;;;;;;;;;;;;;;;;;;;;;;;;;;;;;;;;;;;;;;;;;;;;;;;;
Mass Media;35,1151248921255;;;;;;;;;;;;;;;;;;;;;;;;;;;;;;;;;;;;;;;;;;;;;;;;;;;;;
Freight Transport;9,42581829071302;;;;;;;;;;;;;;;;;;;;;;;;;;;;;;;;;;;;;;;;;;;;;;;;;;;;;
Passenger Transport;14,5774974940495;;;;;;;;;;;;;;;;;;;;;;;;;;;;;;;;;;;;;;;;;;;;;;;;;;;;;
Urban Transport;16,2573163042881;;;;;;;;;;;;;;;;;;;;;;;;;;;;;;;;;;;;;;;;;;;;;;;;;;;;;
Cargo Handling;5,81067671057246;;;;;;;;;;;;;;;;;;;;;;;;;;;;;;;;;;;;;;;;;;;;;;;;;;;;;
Postal Activities;10,5227333359778;;;;;;;;;;;;;;;;;;;;;;;;;;;;;;;;;;;;;;;;;;;;;;;;;;;;;
Telecommunication;14,0483583507579;;;;;;;;;;;;;;;;;;;;;;;;;;;;;;;;;;;;;;;;;;;;;;;;;;;;;
Retail;6,75473883774454;;;;;;;;;;;;;;;;;;;;;;;;;;;;;;;;;;;;;;;;;;;;;;;;;;;;;
Marketing;14,4357570155921;;;;;;;;;;;;;;;;;;;;;;;;;;;;;;;;;;;;;;;;;;;;;;;;;;;;;
Financial Services;20,4400279292661;;;;;;;;;;;;;;;;;;;;;;;;;;;;;;;;;;;;;;;;;;;;;;;;;;;;;
Real Estate;7,7938453572731;;;;;;;;;;;;;;;;;;;;;;;;;;;;;;;;;;;;;;;;;;;;;;;;;;;;;
Ecology;10,2453794609557;;;;;;;;;;;;;;;;;;;;;;;;;;;;;;;;;;;;;;;;;;;;;;;;;;;;;
Other services;3,86946135327725;;;;;;;;;;;;;;;;;;;;;;;;;;;;;;;;;;;;;;;;;;;;;;;;;;;;;
Information Bussines;33,5445622168852;;;;;;;;;;;;;;;;;;;;;;;;;;;;;;;;;;;;;;;;;;;;;;;;;;;;;
Informatic Products;45,7084497220935;;;;;;;;;;;;;;;;;;;;;;;;;;;;;;;;;;;;;;;;;;;;;;;;;;;;;
Internet Services;10,9818572283133;;;;;;;;;;;;;;;;;;;;;;;;;;;;;;;;;;;;;;;;;;;;;;;;;;;;;
Publishing;45,5609230211276;;;;;;;;;;;;;;;;;;;;;;;;;;;;;;;;;;;;;;;;;;;;;;;;;;;;;
Education;81,777726951745;;;;;;;;;;;;;;;;;;;;;;;;;;;;;;;;;;;;;;;;;;;;;;;;;;;;;
Research;71,4481287090008;;;;;;;;;;;;;;;;;;;;;;;;;;;;;;;;;;;;;;;;;;;;;;;;;;;;;
PricesEnd;;;;;;;;;;;;;;;;;;;;;;;;;;;;;;;;;;;;;;;;;;;;;;;;;;;;;;
